number,timestamp,name        
1111          ,05/06 03:26 PM, andrew        
1111          ,05/06 03:26 PM, andrewÏ       
1111          ,05/06 03:27 PM, andrew Ï      
1111          ,05/06 03:28 PM, ï             
1111          ,05/06 03:30 PM, ï             
1111          ,05/06 03:30 PM, ï             
1111          ,05/06 03:30 PM, ï             
1111          ,05/06 03:30 PM, ï             
1111          ,05/06 03:30 PM, ï             
1111          ,05/06 03:30 PM, ï             
1111          ,05/06 03:30 PM, ï             
1111          ,05/06 03:30 PM, ï             
